{
"trackedEntityAttributes": [{
            "name": "Location",
            "created": "2024-06-26T12:14:38.158",
            "lastUpdated": "2024-06-26T12:14:38.158",
            "translations": [],
            "createdBy": {
                "id": "UKGTn6ua5jk",
                "code": null,
                "name": "Matthew Deas",
                "displayName": "Matthew Deas",
                "username": "mdeas"
            },
            "lastUpdatedBy": {
                "id": "UKGTn6ua5jk",
                "code": null,
                "name": "Matthew Deas",
                "displayName": "Matthew Deas",
                "username": "mdeas"
            },
            "sharing": {
                "owner": "UKGTn6ua5jk",
                "external": false,
                "users": {},
                "userGroups": {},
                "public": "rw------"
            },
            "shortName": "Location",
            "legendSets": [],
            "aggregationType": "COUNT",
            "valueType": "TEXT",
            "inherit": false,
            "displayOnVisitSchedule": false,
            "displayInListNoProgram": false,
            "confidential": false,
            "unique": false,
            "generated": false,
            "pattern": "",
            "orgunitScope": false,
            "skipSynchronization": false,
            "id": "PYHaJIsQyxj",
            "attributeValues": []
        },{
            "name": "Assigned Facility",
            "created": "2024-10-25T14:42:15.879",
            "lastUpdated": "2024-10-25T14:42:15.879",
            "translations": [],
            "createdBy": {
                "id": "UKGTn6ua5jk",
                "code": null,
                "name": "Matthew Deas",
                "displayName": "Matthew Deas",
                "username": "mdeas"
            },
            "lastUpdatedBy": {
                "id": "UKGTn6ua5jk",
                "code": null,
                "name": "Matthew Deas",
                "displayName": "Matthew Deas",
                "username": "mdeas"
            },
            "sharing": {
                "owner": "UKGTn6ua5jk",
                "external": false,
                "users": {},
                "userGroups": {},
                "public": "rw------"
            },
            "shortName": "Assigned Facility",
            "legendSets": [],
            "aggregationType": "COUNT",
            "valueType": "TEXT",
            "inherit": false,
            "displayOnVisitSchedule": false,
            "displayInListNoProgram": false,
            "confidential": false,
            "unique": false,
            "generated": false,
            "pattern": "",
            "orgunitScope": false,
            "skipSynchronization": false,
            "id": "ss2ZPOBNOj3",
            "attributeValues": []
        },
		{
            "name": "Course Name",
            "created": "2024-06-10T14:29:55.485",
            "lastUpdated": "2024-06-10T14:29:55.485",
            "translations": [],
            "createdBy": {
                "id": "UKGTn6ua5jk",
                "code": null,
                "name": "Matthew Deas",
                "displayName": "Matthew Deas",
                "username": "mdeas"
            },
            "lastUpdatedBy": {
                "id": "UKGTn6ua5jk",
                "code": null,
                "name": "Matthew Deas",
                "displayName": "Matthew Deas",
                "username": "mdeas"
            },
            "sharing": {
                "owner": "UKGTn6ua5jk",
                "external": false,
                "users": {},
                "userGroups": {},
                "public": "rw------"
            },
            "shortName": "Course Name",
            "legendSets": [],
            "aggregationType": "COUNT",
            "valueType": "TEXT",
            "inherit": false,
            "displayOnVisitSchedule": false,
            "displayInListNoProgram": false,
            "confidential": false,
            "unique": false,
            "generated": false,
            "pattern": "",
            "orgunitScope": false,
            "skipSynchronization": false,
            "id": "Vnm7OVecUi1",
            "attributeValues": []
        },
		{
            "name": "Alternate Mobile #",
            "created": "2024-07-02T12:11:04.347",
            "lastUpdated": "2024-07-02T13:07:49.381",
            "translations": [],
            "createdBy": {
                "id": "UKGTn6ua5jk",
                "code": null,
                "name": "Matthew Deas",
                "displayName": "Matthew Deas",
                "username": "mdeas"
            },
            "lastUpdatedBy": {
                "id": "UKGTn6ua5jk",
                "code": null,
                "name": "Matthew Deas",
                "displayName": "Matthew Deas",
                "username": "mdeas"
            },
            "sharing": {
                "owner": "UKGTn6ua5jk",
                "external": false,
                "users": {},
                "userGroups": {},
                "public": "rw------"
            },
            "shortName": "Alternate Mobile #",
            "legendSets": [],
            "aggregationType": "NONE",
            "valueType": "TEXT",
            "inherit": false,
            "displayOnVisitSchedule": false,
            "displayInListNoProgram": false,
            "confidential": false,
            "unique": false,
            "generated": false,
            "pattern": "",
            "orgunitScope": false,
            "skipSynchronization": false,
            "id": "t0erdI0eAvh",
            "attributeValues": []
        },
		{
            "name": "Course Thematic Area",
            "created": "2024-06-10T14:30:33.280",
            "lastUpdated": "2024-06-10T14:30:33.280",
            "translations": [],
            "createdBy": {
                "id": "UKGTn6ua5jk",
                "code": null,
                "name": "Matthew Deas",
                "displayName": "Matthew Deas",
                "username": "mdeas"
            },
            "lastUpdatedBy": {
                "id": "UKGTn6ua5jk",
                "code": null,
                "name": "Matthew Deas",
                "displayName": "Matthew Deas",
                "username": "mdeas"
            },
            "sharing": {
                "owner": "UKGTn6ua5jk",
                "external": false,
                "users": {},
                "userGroups": {},
                "public": "rw------"
            },
            "shortName": "Course Thematic Area",
            "legendSets": [],
            "aggregationType": "COUNT",
            "valueType": "TEXT",
            "inherit": false,
            "optionSet": {
                "id": "AvtckM3AMNR"
            },
            "displayOnVisitSchedule": false,
            "displayInListNoProgram": false,
            "confidential": false,
            "unique": false,
            "generated": false,
            "pattern": "",
            "orgunitScope": false,
            "skipSynchronization": false,
            "id": "uClyKkfvNX6",
            "attributeValues": []
        }, {
            "name": "Designation",
            "created": "2024-06-26T12:36:31.760",
            "lastUpdated": "2024-06-26T12:36:31.760",
            "translations": [],
            "createdBy": {
                "id": "UKGTn6ua5jk",
                "code": null,
                "name": "Matthew Deas",
                "displayName": "Matthew Deas",
                "username": "mdeas"
            },
            "lastUpdatedBy": {
                "id": "UKGTn6ua5jk",
                "code": null,
                "name": "Matthew Deas",
                "displayName": "Matthew Deas",
                "username": "mdeas"
            },
            "sharing": {
                "owner": "UKGTn6ua5jk",
                "external": false,
                "users": {},
                "userGroups": {},
                "public": "rw------"
            },
            "shortName": "Designation",
            "legendSets": [],
            "aggregationType": "COUNT",
            "valueType": "TEXT",
            "inherit": false,
            "optionSet": {
                "id": "b8DWVRpLShT"
            },
            "displayOnVisitSchedule": false,
            "displayInListNoProgram": false,
            "confidential": false,
            "unique": false,
            "generated": false,
            "pattern": "",
            "orgunitScope": false,
            "skipSynchronization": false,
            "id": "dvXhBHwjKJP",
            "attributeValues": []
        }, {
            "name": "First Name",
            "created": "2024-06-26T12:15:46.366",
            "lastUpdated": "2024-06-26T12:15:46.366",
            "translations": [],
            "createdBy": {
                "id": "UKGTn6ua5jk",
                "code": null,
                "name": "Matthew Deas",
                "displayName": "Matthew Deas",
                "username": "mdeas"
            },
            "lastUpdatedBy": {
                "id": "UKGTn6ua5jk",
                "code": null,
                "name": "Matthew Deas",
                "displayName": "Matthew Deas",
                "username": "mdeas"
            },
            "sharing": {
                "owner": "UKGTn6ua5jk",
                "external": false,
                "users": {},
                "userGroups": {},
                "public": "rw------"
            },
            "shortName": "First Name",
            "legendSets": [],
            "aggregationType": "NONE",
            "valueType": "TEXT",
            "inherit": false,
            "displayOnVisitSchedule": false,
            "displayInListNoProgram": false,
            "confidential": false,
            "unique": false,
            "generated": false,
            "pattern": "",
            "orgunitScope": false,
            "skipSynchronization": false,
            "id": "Lez2r3d0oxb",
            "attributeValues": []
        }, {
            "name": "Gender",
            "created": "2024-07-22T15:38:26.828",
            "lastUpdated": "2024-07-22T15:38:26.828",
            "translations": [],
            "createdBy": {
                "id": "UKGTn6ua5jk",
                "code": null,
                "name": "Matthew Deas",
                "displayName": "Matthew Deas",
                "username": "mdeas"
            },
            "lastUpdatedBy": {
                "id": "UKGTn6ua5jk",
                "code": null,
                "name": "Matthew Deas",
                "displayName": "Matthew Deas",
                "username": "mdeas"
            },
            "sharing": {
                "owner": "UKGTn6ua5jk",
                "external": false,
                "users": {},
                "userGroups": {},
                "public": "rw------"
            },
            "shortName": "Gender",
            "legendSets": [],
            "aggregationType": "COUNT",
            "valueType": "TEXT",
            "inherit": false,
            "optionSet": {
                "id": "nlgHRs6CWbE"
            },
            "displayOnVisitSchedule": false,
            "displayInListNoProgram": false,
            "confidential": false,
            "unique": false,
            "generated": false,
            "pattern": "",
            "orgunitScope": false,
            "skipSynchronization": false,
            "id": "gp99rd73agU",
            "attributeValues": []
        },
		{
            "name": "Last Name",
            "created": "2024-06-26T12:16:57.913",
            "lastUpdated": "2024-06-26T12:16:57.913",
            "translations": [],
            "createdBy": {
                "id": "UKGTn6ua5jk",
                "code": null,
                "name": "Matthew Deas",
                "displayName": "Matthew Deas",
                "username": "mdeas"
            },
            "lastUpdatedBy": {
                "id": "UKGTn6ua5jk",
                "code": null,
                "name": "Matthew Deas",
                "displayName": "Matthew Deas",
                "username": "mdeas"
            },
            "sharing": {
                "owner": "UKGTn6ua5jk",
                "external": false,
                "users": {},
                "userGroups": {},
                "public": "rw------"
            },
            "shortName": "Last Name",
            "legendSets": [],
            "aggregationType": "NONE",
            "valueType": "TEXT",
            "inherit": false,
            "displayOnVisitSchedule": false,
            "displayInListNoProgram": false,
            "confidential": false,
            "unique": false,
            "generated": false,
            "pattern": "",
            "orgunitScope": false,
            "skipSynchronization": false,
            "id": "wXRW65yTN1d",
            "attributeValues": []
        },
		{
            "name": "Mobile #",
            "created": "2024-06-27T10:04:54.618",
            "lastUpdated": "2024-07-02T13:07:40.176",
            "translations": [],
            "createdBy": {
                "id": "UKGTn6ua5jk",
                "code": null,
                "name": "Matthew Deas",
                "displayName": "Matthew Deas",
                "username": "mdeas"
            },
            "lastUpdatedBy": {
                "id": "UKGTn6ua5jk",
                "code": null,
                "name": "Matthew Deas",
                "displayName": "Matthew Deas",
                "username": "mdeas"
            },
            "sharing": {
                "owner": "UKGTn6ua5jk",
                "external": false,
                "users": {},
                "userGroups": {},
                "public": "rw------"
            },
            "shortName": "Mobile #",
            "legendSets": [],
            "aggregationType": "NONE",
            "valueType": "TEXT",
            "inherit": false,
            "displayOnVisitSchedule": false,
            "displayInListNoProgram": false,
            "confidential": false,
            "unique": false,
            "generated": false,
            "pattern": "",
            "orgunitScope": false,
            "skipSynchronization": false,
            "id": "oQOXEo1p0Cd",
            "attributeValues": []
        },
		{
            "name": "PIN",
            "created": "2024-07-04T13:50:01.869",
            "lastUpdated": "2024-07-04T13:50:01.869",
            "translations": [],
            "createdBy": {
                "id": "UKGTn6ua5jk",
                "code": null,
                "name": "Matthew Deas",
                "displayName": "Matthew Deas",
                "username": "mdeas"
            },
            "lastUpdatedBy": {
                "id": "UKGTn6ua5jk",
                "code": null,
                "name": "Matthew Deas",
                "displayName": "Matthew Deas",
                "username": "mdeas"
            },
            "sharing": {
                "owner": "UKGTn6ua5jk",
                "external": false,
                "users": {},
                "userGroups": {},
                "public": "rw------"
            },
            "shortName": "PIN",
            "legendSets": [],
            "aggregationType": "NONE",
            "valueType": "TEXT",
            "inherit": false,
            "displayOnVisitSchedule": false,
            "displayInListNoProgram": false,
            "confidential": false,
            "unique": false,
            "generated": false,
            "pattern": "",
            "orgunitScope": false,
            "skipSynchronization": false,
            "id": "exxsjX2VQFq",
            "attributeValues": []
        }
		]
}